"HITId","HITTypeId","Title","Description","Keywords","Reward","CreationTime","MaxAssignments","RequesterAnnotation","AssignmentDurationInSeconds","AutoApprovalDelayInSeconds","Expiration","NumberOfSimilarHITs","LifetimeInSeconds","AssignmentId","WorkerId","AssignmentStatus","AcceptTime","SubmitTime","AutoApprovalTime","ApprovalTime","RejectionTime","RequesterFeedback","WorkTimeInSeconds","LifetimeApprovalRate","Last30DaysApprovalRate","Last7DaysApprovalRate","Answer.i1","Answer.i2","Answer.i3","Approve","Reject"
"25DR14IXKO2LH3XL3D1653YOCCKBAR","2656SK9RJ85O7JFL831AXMOOQ5F5TC","List 3 things that someone you know likes","List someone's interests as though you were considering buying a gift for this person.","data collection, people you know, lists, list","$0.02","Sun Apr 15 03:37:23 GMT 2012","100","","120","604800","Sun Apr 22 03:37:23 GMT 2012","","","200H88MQU6L5WCBJ9IIX54AIJFOBUB","A26JSL4VNPXGTV","Approved","Sun Apr 15 07:27:03 GMT 2012","Sun Apr 15 07:27:22 GMT 2012","Sun Apr 22 00:27:22 PDT 2012","Mon Apr 16 15:59:32 PDT 2012","","","19","100% (1/1)","100% (1/1)","100% (1/1)","Music","Dancing","Technology"
"25DR14IXKO2LH3XL3D1653YOCCKBAR","2656SK9RJ85O7JFL831AXMOOQ5F5TC","List 3 things that someone you know likes","List someone's interests as though you were considering buying a gift for this person.","data collection, people you know, lists, list","$0.02","Sun Apr 15 03:37:23 GMT 2012","100","","120","604800","Sun Apr 22 03:37:23 GMT 2012","","","209M8JIA0RYNRAIUA1D0DBMJTU750A","A1HVK0I9X98UPJ","Approved","Mon Apr 16 08:42:59 GMT 2012","Mon Apr 16 08:43:10 GMT 2012","Mon Apr 23 01:43:10 PDT 2012","Mon Apr 16 15:59:32 PDT 2012","","","11","100% (1/1)","100% (1/1)","100% (1/1)","Video Games","Comic Books","Horror Movies"
"25DR14IXKO2LH3XL3D1653YOCCKBAR","2656SK9RJ85O7JFL831AXMOOQ5F5TC","List 3 things that someone you know likes","List someone's interests as though you were considering buying a gift for this person.","data collection, people you know, lists, list","$0.02","Sun Apr 15 03:37:23 GMT 2012","100","","120","604800","Sun Apr 22 03:37:23 GMT 2012","","","20N66RLPHIT3PWCHM196ANJQ21TG8M","A35ILLSSK06G0S","Approved","Mon Apr 16 00:39:06 GMT 2012","Mon Apr 16 00:39:26 GMT 2012","Sun Apr 22 17:39:26 PDT 2012","Mon Apr 16 15:59:33 PDT 2012","","","20","100% (1/1)","100% (1/1)","100% (1/1)","shopping","cooking","travel"
"25DR14IXKO2LH3XL3D1653YOCCKBAR","2656SK9RJ85O7JFL831AXMOOQ5F5TC","List 3 things that someone you know likes","List someone's interests as though you were considering buying a gift for this person.","data collection, people you know, lists, list","$0.02","Sun Apr 15 03:37:23 GMT 2012","100","","120","604800","Sun Apr 22 03:37:23 GMT 2012","","","20O618N46UXFKEKCOT5TVDSNTKYPR5","A1B12GE9482N2K","Approved","Sun Apr 15 06:21:36 GMT 2012","Sun Apr 15 06:22:23 GMT 2012","Sat Apr 21 23:22:23 PDT 2012","Mon Apr 16 15:59:33 PDT 2012","","","47","100% (1/1)","100% (1/1)","100% (1/1)","relaxing","horseback riding","gaming"
"25DR14IXKO2LH3XL3D1653YOCCKBAR","2656SK9RJ85O7JFL831AXMOOQ5F5TC","List 3 things that someone you know likes","List someone's interests as though you were considering buying a gift for this person.","data collection, people you know, lists, list","$0.02","Sun Apr 15 03:37:23 GMT 2012","100","","120","604800","Sun Apr 22 03:37:23 GMT 2012","","","20SJG5TYMNCW6CKG6QJS0HX11JFIM9","A2AU4IF7RH6RR3","Approved","Mon Apr 16 12:48:41 GMT 2012","Mon Apr 16 12:48:57 GMT 2012","Mon Apr 23 05:48:57 PDT 2012","Mon Apr 16 15:59:33 PDT 2012","","","16","100% (1/1)","100% (1/1)","100% (1/1)","Aviation","Cars","Video games"
"25DR14IXKO2LH3XL3D1653YOCCKBAR","2656SK9RJ85O7JFL831AXMOOQ5F5TC","List 3 things that someone you know likes","List someone's interests as though you were considering buying a gift for this person.","data collection, people you know, lists, list","$0.02","Sun Apr 15 03:37:23 GMT 2012","100","","120","604800","Sun Apr 22 03:37:23 GMT 2012","","","20V9Z0B6UTO615U2JAMRSGPWSWLOZG","A1ION5DMUTIST1","Approved","Sun Apr 15 05:31:04 GMT 2012","Sun Apr 15 05:31:33 GMT 2012","Sat Apr 21 22:31:33 PDT 2012","Mon Apr 16 15:59:33 PDT 2012","","","29","100% (1/1)","100% (1/1)","100% (1/1)","cooking","football","video games"
"25DR14IXKO2LH3XL3D1653YOCCKBAR","2656SK9RJ85O7JFL831AXMOOQ5F5TC","List 3 things that someone you know likes","List someone's interests as though you were considering buying a gift for this person.","data collection, people you know, lists, list","$0.02","Sun Apr 15 03:37:23 GMT 2012","100","","120","604800","Sun Apr 22 03:37:23 GMT 2012","","","20YSVQ8H88MQ271CFSMCQ1RXX4Q7QF","A2XFH4SYR81VSE","Approved","Sun Apr 15 04:16:20 GMT 2012","Sun Apr 15 04:16:45 GMT 2012","Sat Apr 21 21:16:45 PDT 2012","Mon Apr 16 15:59:33 PDT 2012","","","25","100% (1/1)","100% (1/1)","100% (1/1)","reading","facebook","texting"
"25DR14IXKO2LH3XL3D1653YOCCKBAR","2656SK9RJ85O7JFL831AXMOOQ5F5TC","List 3 things that someone you know likes","List someone's interests as though you were considering buying a gift for this person.","data collection, people you know, lists, list","$0.02","Sun Apr 15 03:37:23 GMT 2012","100","","120","604800","Sun Apr 22 03:37:23 GMT 2012","","","21DFQ0ONNVRH9LXV0V7RJ76NV90LU6","A2KF7VM3JBEM62","Approved","Sun Apr 15 03:45:24 GMT 2012","Sun Apr 15 03:46:04 GMT 2012","Sat Apr 21 20:46:04 PDT 2012","Mon Apr 16 15:59:33 PDT 2012","","","40","100% (1/1)","100% (1/1)","100% (1/1)","dancing","photography","camping"
"25DR14IXKO2LH3XL3D1653YOCCKBAR","2656SK9RJ85O7JFL831AXMOOQ5F5TC","List 3 things that someone you know likes","List someone's interests as though you were considering buying a gift for this person.","data collection, people you know, lists, list","$0.02","Sun Apr 15 03:37:23 GMT 2012","100","","120","604800","Sun Apr 22 03:37:23 GMT 2012","","","21DFQ0ONNVRH9LXV0V7RJ76NV9BULQ","A2VX8B1CJXRN2","Approved","Mon Apr 16 12:16:38 GMT 2012","Mon Apr 16 12:17:06 GMT 2012","Mon Apr 23 05:17:06 PDT 2012","Mon Apr 16 15:59:33 PDT 2012","","","28","100% (1/1)","100% (1/1)","100% (1/1)","fishing","camping","reading"
"25DR14IXKO2LH3XL3D1653YOCCKBAR","2656SK9RJ85O7JFL831AXMOOQ5F5TC","List 3 things that someone you know likes","List someone's interests as though you were considering buying a gift for this person.","data collection, people you know, lists, list","$0.02","Sun Apr 15 03:37:23 GMT 2012","100","","120","604800","Sun Apr 22 03:37:23 GMT 2012","","","21DPHIT3HVWA3LYDT4AQA172Z9YCKU","A3H1K4UFJ80H6A","Approved","Mon Apr 16 05:20:26 GMT 2012","Mon Apr 16 05:20:54 GMT 2012","Sun Apr 22 22:20:54 PDT 2012","Mon Apr 16 15:59:33 PDT 2012","","","28","100% (1/1)","100% (1/1)","100% (1/1)","fishing","excercising","cooking"
"25DR14IXKO2LH3XL3D1653YOCCKBAR","2656SK9RJ85O7JFL831AXMOOQ5F5TC","List 3 things that someone you know likes","List someone's interests as though you were considering buying a gift for this person.","data collection, people you know, lists, list","$0.02","Sun Apr 15 03:37:23 GMT 2012","100","","120","604800","Sun Apr 22 03:37:23 GMT 2012","","","21U4SMEZZ2MISN3GLPG9638TWWI4L8","AA7B77SUCBES0","Approved","Sun Apr 15 19:37:45 GMT 2012","Sun Apr 15 19:38:19 GMT 2012","Sun Apr 22 12:38:19 PDT 2012","Mon Apr 16 15:59:34 PDT 2012","","","34","100% (1/1)","100% (1/1)","100% (1/1)","basketball","gardening","writing"
"25DR14IXKO2LH3XL3D1653YOCCKBAR","2656SK9RJ85O7JFL831AXMOOQ5F5TC","List 3 things that someone you know likes","List someone's interests as though you were considering buying a gift for this person.","data collection, people you know, lists, list","$0.02","Sun Apr 15 03:37:23 GMT 2012","100","","120","604800","Sun Apr 22 03:37:23 GMT 2012","","","22A2KYEPLSP7DL1TXDA3WAHQEQMVPF","A1ZLJ9Z244CKS6","Approved","Mon Apr 16 12:28:20 GMT 2012","Mon Apr 16 12:29:22 GMT 2012","Mon Apr 23 05:29:22 PDT 2012","Mon Apr 16 15:59:34 PDT 2012","","","62","100% (1/1)","100% (1/1)","100% (1/1)","bike riding","apple products/shopping","eating fast food"
"25DR14IXKO2LH3XL3D1653YOCCKBAR","2656SK9RJ85O7JFL831AXMOOQ5F5TC","List 3 things that someone you know likes","List someone's interests as though you were considering buying a gift for this person.","data collection, people you know, lists, list","$0.02","Sun Apr 15 03:37:23 GMT 2012","100","","120","604800","Sun Apr 22 03:37:23 GMT 2012","","","23Q24E6AUBXH4TXE62093BZWDRAW0H","A1DP0G9FST4G9F","Approved","Mon Apr 16 06:19:04 GMT 2012","Mon Apr 16 06:19:22 GMT 2012","Sun Apr 22 23:19:22 PDT 2012","Mon Apr 16 15:59:34 PDT 2012","","","18","100% (1/1)","100% (1/1)","100% (1/1)","football","math","Charlie Chaplin"
"25DR14IXKO2LH3XL3D1653YOCCKBAR","2656SK9RJ85O7JFL831AXMOOQ5F5TC","List 3 things that someone you know likes","List someone's interests as though you were considering buying a gift for this person.","data collection, people you know, lists, list","$0.02","Sun Apr 15 03:37:23 GMT 2012","100","","120","604800","Sun Apr 22 03:37:23 GMT 2012","","","23VHVWAVKI62VK69SOTZH9QH6BZPH7","A1C7LPS4A290OT","Approved","Sun Apr 15 04:16:01 GMT 2012","Sun Apr 15 04:16:14 GMT 2012","Sat Apr 21 21:16:14 PDT 2012","Mon Apr 16 15:59:34 PDT 2012","","","13","100% (1/1)","100% (1/1)","100% (1/1)","lighthouses","peace sign","country music"
"25DR14IXKO2LH3XL3D1653YOCCKBAR","2656SK9RJ85O7JFL831AXMOOQ5F5TC","List 3 things that someone you know likes","List someone's interests as though you were considering buying a gift for this person.","data collection, people you know, lists, list","$0.02","Sun Apr 15 03:37:23 GMT 2012","100","","120","604800","Sun Apr 22 03:37:23 GMT 2012","","","23YYTWX4H3H2XCKK0Q7IEIJRB5S4ZT","A1A6B94T9GZNN4","Approved","Mon Apr 16 02:03:10 GMT 2012","Mon Apr 16 02:03:37 GMT 2012","Sun Apr 22 19:03:37 PDT 2012","Mon Apr 16 15:59:34 PDT 2012","","","27","100% (1/1)","100% (1/1)","100% (1/1)","Computers","motorcycles","video games"
"25DR14IXKO2LH3XL3D1653YOCCKBAR","2656SK9RJ85O7JFL831AXMOOQ5F5TC","List 3 things that someone you know likes","List someone's interests as though you were considering buying a gift for this person.","data collection, people you know, lists, list","$0.02","Sun Apr 15 03:37:23 GMT 2012","100","","120","604800","Sun Apr 22 03:37:23 GMT 2012","","","249YW2GTP9RAFTL3DIX96SOF706OT7","A221BYJVSHSS6C","Approved","Mon Apr 16 01:12:25 GMT 2012","Mon Apr 16 01:13:06 GMT 2012","Sun Apr 22 18:13:06 PDT 2012","Mon Apr 16 15:59:34 PDT 2012","","","41","100% (1/1)","100% (1/1)","100% (1/1)","painting","cooking","boating"
"25DR14IXKO2LH3XL3D1653YOCCKBAR","2656SK9RJ85O7JFL831AXMOOQ5F5TC","List 3 things that someone you know likes","List someone's interests as though you were considering buying a gift for this person.","data collection, people you know, lists, list","$0.02","Sun Apr 15 03:37:23 GMT 2012","100","","120","604800","Sun Apr 22 03:37:23 GMT 2012","","","24DRGNTBJ3MMLYLMGOE6AKHB9MRV97","A2ICMI86O49EYV","Approved","Sun Apr 15 03:48:55 GMT 2012","Sun Apr 15 03:49:18 GMT 2012","Sat Apr 21 20:49:18 PDT 2012","Mon Apr 16 15:59:34 PDT 2012","","","23","100% (1/1)","100% (1/1)","100% (1/1)","wrestling","baseball cards","comedy shows"
"25DR14IXKO2LH3XL3D1653YOCCKBAR","2656SK9RJ85O7JFL831AXMOOQ5F5TC","List 3 things that someone you know likes","List someone's interests as though you were considering buying a gift for this person.","data collection, people you know, lists, list","$0.02","Sun Apr 15 03:37:23 GMT 2012","100","","120","604800","Sun Apr 22 03:37:23 GMT 2012","","","24VK4F0OHOVR95Y4B5TLH2HECWU23V","A3CF22HPWPWRKJ","Approved","Sun Apr 15 14:55:24 GMT 2012","Sun Apr 15 14:55:37 GMT 2012","Sun Apr 22 07:55:37 PDT 2012","Mon Apr 16 15:59:35 PDT 2012","","","13","100% (1/1)","100% (1/1)","100% (1/1)","Swimming","Hiking","Biking"
"25DR14IXKO2LH3XL3D1653YOCCKBAR","2656SK9RJ85O7JFL831AXMOOQ5F5TC","List 3 things that someone you know likes","List someone's interests as though you were considering buying a gift for this person.","data collection, people you know, lists, list","$0.02","Sun Apr 15 03:37:23 GMT 2012","100","","120","604800","Sun Apr 22 03:37:23 GMT 2012","","","254PWZ9RNDWIWWHZY9E3LTGU13CSDG","A3CPYT8QNBRV3K","Approved","Sun Apr 15 03:49:54 GMT 2012","Sun Apr 15 03:50:07 GMT 2012","Sat Apr 21 20:50:07 PDT 2012","Mon Apr 16 15:59:35 PDT 2012","","","13","100% (1/1)","100% (1/1)","100% (1/1)","Comic Books","Movies","Sex"
"25DR14IXKO2LH3XL3D1653YOCCKBAR","2656SK9RJ85O7JFL831AXMOOQ5F5TC","List 3 things that someone you know likes","List someone's interests as though you were considering buying a gift for this person.","data collection, people you know, lists, list","$0.02","Sun Apr 15 03:37:23 GMT 2012","100","","120","604800","Sun Apr 22 03:37:23 GMT 2012","","","25B8EBDPGFL63D53QQINLWIOV1IH2N","A1CD0Z77OS6DA7","Approved","Mon Apr 16 07:15:52 GMT 2012","Mon Apr 16 07:16:32 GMT 2012","Mon Apr 23 00:16:32 PDT 2012","Mon Apr 16 15:59:35 PDT 2012","","","40","100% (1/1)","100% (1/1)","100% (1/1)","Hiking","Computer games","TV shows"
"25DR14IXKO2LH3XL3D1653YOCCKBAR","2656SK9RJ85O7JFL831AXMOOQ5F5TC","List 3 things that someone you know likes","List someone's interests as though you were considering buying a gift for this person.","data collection, people you know, lists, list","$0.02","Sun Apr 15 03:37:23 GMT 2012","100","","120","604800","Sun Apr 22 03:37:23 GMT 2012","","","25SFK0COK2JE9NNWB10LZW6OZA4KRB","A385MLMLO5ONX0","Approved","Mon Apr 16 15:36:49 GMT 2012","Mon Apr 16 15:37:03 GMT 2012","Mon Apr 23 08:37:03 PDT 2012","Mon Apr 16 15:59:35 PDT 2012","","","14","100% (1/1)","100% (1/1)","100% (1/1)","books","music","alcohol"
"25DR14IXKO2LH3XL3D1653YOCCKBAR","2656SK9RJ85O7JFL831AXMOOQ5F5TC","List 3 things that someone you know likes","List someone's interests as though you were considering buying a gift for this person.","data collection, people you know, lists, list","$0.02","Sun Apr 15 03:37:23 GMT 2012","100","","120","604800","Sun Apr 22 03:37:23 GMT 2012","","","25ZWGKCCVLL3KBJADY1PY4C9NQJV5R","A1T0YMF7RDQ5KO","Approved","Mon Apr 16 05:42:04 GMT 2012","Mon Apr 16 05:42:21 GMT 2012","Sun Apr 22 22:42:21 PDT 2012","Mon Apr 16 15:59:35 PDT 2012","","","17","100% (1/1)","100% (1/1)","100% (1/1)","video games","computers","manga"
"25DR14IXKO2LH3XL3D1653YOCCKBAR","2656SK9RJ85O7JFL831AXMOOQ5F5TC","List 3 things that someone you know likes","List someone's interests as though you were considering buying a gift for this person.","data collection, people you know, lists, list","$0.02","Sun Apr 15 03:37:23 GMT 2012","100","","120","604800","Sun Apr 22 03:37:23 GMT 2012","","","262VKI62NJQ298I60QHHEBKLCV3TLX","AOSK5ZRD7A312","Approved","Mon Apr 16 06:57:40 GMT 2012","Mon Apr 16 06:57:54 GMT 2012","Sun Apr 22 23:57:54 PDT 2012","Mon Apr 16 15:59:35 PDT 2012","","","14","100% (1/1)","100% (1/1)","100% (1/1)","video games","movies","books"
"25DR14IXKO2LH3XL3D1653YOCCKBAR","2656SK9RJ85O7JFL831AXMOOQ5F5TC","List 3 things that someone you know likes","List someone's interests as though you were considering buying a gift for this person.","data collection, people you know, lists, list","$0.02","Sun Apr 15 03:37:23 GMT 2012","100","","120","604800","Sun Apr 22 03:37:23 GMT 2012","","","26UDIPDOBDDPGQZ3BB4DGXMB3QU0B7","A3QEM9FT6S6A11","Approved","Mon Apr 16 09:20:59 GMT 2012","Mon Apr 16 09:21:30 GMT 2012","Mon Apr 23 02:21:30 PDT 2012","Mon Apr 16 15:59:35 PDT 2012","","","31","100% (1/1)","100% (1/1)","100% (1/1)","music","Camping","Grilling"
"25DR14IXKO2LH3XL3D1653YOCCKBAR","2656SK9RJ85O7JFL831AXMOOQ5F5TC","List 3 things that someone you know likes","List someone's interests as though you were considering buying a gift for this person.","data collection, people you know, lists, list","$0.02","Sun Apr 15 03:37:23 GMT 2012","100","","120","604800","Sun Apr 22 03:37:23 GMT 2012","","","26W0SPW1INMHOZ6BAKEAJ6BFMFU3GA","A1UTOFGYTYKXJX","Approved","Sun Apr 15 03:45:06 GMT 2012","Sun Apr 15 03:45:13 GMT 2012","Sat Apr 21 20:45:13 PDT 2012","Mon Apr 16 15:59:36 PDT 2012","","","7","100% (1/1)","100% (1/1)","100% (1/1)","baking","singing","fashion"
"25DR14IXKO2LH3XL3D1653YOCCKBAR","2656SK9RJ85O7JFL831AXMOOQ5F5TC","List 3 things that someone you know likes","List someone's interests as though you were considering buying a gift for this person.","data collection, people you know, lists, list","$0.02","Sun Apr 15 03:37:23 GMT 2012","100","","120","604800","Sun Apr 22 03:37:23 GMT 2012","","","277B0HFL42J1TZLF2OT7U0IGFK8L0F","A21ZKBBCUN5830","Approved","Mon Apr 16 13:01:20 GMT 2012","Mon Apr 16 13:02:27 GMT 2012","Mon Apr 23 06:02:27 PDT 2012","Mon Apr 16 15:59:36 PDT 2012","","","67","100% (1/1)","100% (1/1)","100% (1/1)","electronics","guitars","star wars"
"25DR14IXKO2LH3XL3D1653YOCCKBAR","2656SK9RJ85O7JFL831AXMOOQ5F5TC","List 3 things that someone you know likes","List someone's interests as though you were considering buying a gift for this person.","data collection, people you know, lists, list","$0.02","Sun Apr 15 03:37:23 GMT 2012","100","","120","604800","Sun Apr 22 03:37:23 GMT 2012","","","27CNQY2RCJK6B0BLUYI0SUIAQ944TB","A15BDWZ61YUT7W","Approved","Sun Apr 15 20:16:27 GMT 2012","Sun Apr 15 20:16:50 GMT 2012","Sun Apr 22 13:16:50 PDT 2012","Mon Apr 16 15:59:36 PDT 2012","","","23","100% (1/1)","100% (1/1)","100% (1/1)","Gaming","Drawing","Music"
"25DR14IXKO2LH3XL3D1653YOCCKBAR","2656SK9RJ85O7JFL831AXMOOQ5F5TC","List 3 things that someone you know likes","List someone's interests as though you were considering buying a gift for this person.","data collection, people you know, lists, list","$0.02","Sun Apr 15 03:37:23 GMT 2012","100","","120","604800","Sun Apr 22 03:37:23 GMT 2012","","","27MYT3DHJHP4JETR7LP8ZSX9X3ZU1D","AFPG3FZC9IR16","Approved","Sun Apr 15 13:58:33 GMT 2012","Sun Apr 15 13:58:56 GMT 2012","Sun Apr 22 06:58:56 PDT 2012","Mon Apr 16 15:59:36 PDT 2012","","","23","100% (1/1)","100% (1/1)","100% (1/1)","Baking","Reading","Gardening"
"25DR14IXKO2LH3XL3D1653YOCCKBAR","2656SK9RJ85O7JFL831AXMOOQ5F5TC","List 3 things that someone you know likes","List someone's interests as though you were considering buying a gift for this person.","data collection, people you know, lists, list","$0.02","Sun Apr 15 03:37:23 GMT 2012","100","","120","604800","Sun Apr 22 03:37:23 GMT 2012","","","27VV0FK0COK2RFHTY6BKHLRW6OLIP0","A2I3SFI3KBYH0G","Approved","Mon Apr 16 00:24:16 GMT 2012","Mon Apr 16 00:25:07 GMT 2012","Sun Apr 22 17:25:07 PDT 2012","Mon Apr 16 15:59:36 PDT 2012","","","51","100% (1/1)","100% (1/1)","100% (1/1)","CAMPING","hiking","teaching"
"25DR14IXKO2LH3XL3D1653YOCCKBAR","2656SK9RJ85O7JFL831AXMOOQ5F5TC","List 3 things that someone you know likes","List someone's interests as though you were considering buying a gift for this person.","data collection, people you know, lists, list","$0.02","Sun Apr 15 03:37:23 GMT 2012","100","","120","604800","Sun Apr 22 03:37:23 GMT 2012","","","27VYOCCF0CP5SY50949I5YG4PMMTUH","A2B2QTQV6VJQJV","Approved","Sun Apr 15 03:56:54 GMT 2012","Sun Apr 15 03:57:40 GMT 2012","Sat Apr 21 20:57:40 PDT 2012","Mon Apr 16 15:59:36 PDT 2012","","","46","100% (1/1)","100% (1/1)","100% (1/1)","sports","movies","music"
"25DR14IXKO2LH3XL3D1653YOCCKBAR","2656SK9RJ85O7JFL831AXMOOQ5F5TC","List 3 things that someone you know likes","List someone's interests as though you were considering buying a gift for this person.","data collection, people you know, lists, list","$0.02","Sun Apr 15 03:37:23 GMT 2012","100","","120","604800","Sun Apr 22 03:37:23 GMT 2012","","","28IS1CSTMOFXZE8B9TSE6DNXJF7ORS","A2YBU9OWV946E3","Approved","Sun Apr 15 18:28:10 GMT 2012","Sun Apr 15 18:28:45 GMT 2012","Sun Apr 22 11:28:45 PDT 2012","Mon Apr 16 15:59:37 PDT 2012","","","35","100% (2/2)","100% (2/2)","100% (2/2)","Philosophy","Video Games","Independent Films"
"25DR14IXKO2LH3XL3D1653YOCCKBAR","2656SK9RJ85O7JFL831AXMOOQ5F5TC","List 3 things that someone you know likes","List someone's interests as though you were considering buying a gift for this person.","data collection, people you know, lists, list","$0.02","Sun Apr 15 03:37:23 GMT 2012","100","","120","604800","Sun Apr 22 03:37:23 GMT 2012","","","28M98JHSTLB3T1VIAQ9OJJEJREHFRY","A2FB27NED6FDIN","Approved","Mon Apr 16 00:01:50 GMT 2012","Mon Apr 16 00:02:30 GMT 2012","Sun Apr 22 17:02:30 PDT 2012","Mon Apr 16 15:59:37 PDT 2012","","","40","100% (1/1)","100% (1/1)","100% (1/1)","Traveling","Reading","Making people laugh"
"25DR14IXKO2LH3XL3D1653YOCCKBAR","2656SK9RJ85O7JFL831AXMOOQ5F5TC","List 3 things that someone you know likes","List someone's interests as though you were considering buying a gift for this person.","data collection, people you know, lists, list","$0.02","Sun Apr 15 03:37:23 GMT 2012","100","","120","604800","Sun Apr 22 03:37:23 GMT 2012","","","28ZQEOZFYQS1KT9TFWORLS4IC1XKH5","A3HLJSDOTDI8BS","Approved","Sun Apr 15 14:01:04 GMT 2012","Sun Apr 15 14:01:26 GMT 2012","Sun Apr 22 07:01:26 PDT 2012","Mon Apr 16 15:59:37 PDT 2012","","","22","100% (1/1)","100% (1/1)","100% (1/1)","Photography","Art","Stamp collecting"
"25DR14IXKO2LH3XL3D1653YOCCKBAR","2656SK9RJ85O7JFL831AXMOOQ5F5TC","List 3 things that someone you know likes","List someone's interests as though you were considering buying a gift for this person.","data collection, people you know, lists, list","$0.02","Sun Apr 15 03:37:23 GMT 2012","100","","120","604800","Sun Apr 22 03:37:23 GMT 2012","","","299HRRLFQ0ONVW7OS18OHEGRB7RQH5","A3LD4KHH6OPPUO","Approved","Sun Apr 15 22:13:56 GMT 2012","Sun Apr 15 22:14:09 GMT 2012","Sun Apr 22 15:14:09 PDT 2012","Mon Apr 16 15:59:37 PDT 2012","","","13","100% (1/1)","100% (1/1)","100% (1/1)","Toys","Cars","Books"
"25DR14IXKO2LH3XL3D1653YOCCKBAR","2656SK9RJ85O7JFL831AXMOOQ5F5TC","List 3 things that someone you know likes","List someone's interests as though you were considering buying a gift for this person.","data collection, people you know, lists, list","$0.02","Sun Apr 15 03:37:23 GMT 2012","100","","120","604800","Sun Apr 22 03:37:23 GMT 2012","","","29EAZHHRRLFQ8P3UM881SHO9EG6ENK","A9IFM6S610G17","Approved","Sun Apr 15 03:41:23 GMT 2012","Sun Apr 15 03:41:54 GMT 2012","Sat Apr 21 20:41:54 PDT 2012","Mon Apr 16 15:59:37 PDT 2012","","","31","100% (1/1)","100% (1/1)","100% (1/1)","reading","shopping","harry potter"
"25DR14IXKO2LH3XL3D1653YOCCKBAR","2656SK9RJ85O7JFL831AXMOOQ5F5TC","List 3 things that someone you know likes","List someone's interests as though you were considering buying a gift for this person.","data collection, people you know, lists, list","$0.02","Sun Apr 15 03:37:23 GMT 2012","100","","120","604800","Sun Apr 22 03:37:23 GMT 2012","","","29NXX2Q45UUKYPENEZN1VS8OG0GSAF","A1XFDV8QBVQC9L","Approved","Sun Apr 15 04:15:54 GMT 2012","Sun Apr 15 04:16:15 GMT 2012","Sat Apr 21 21:16:15 PDT 2012","Mon Apr 16 15:59:37 PDT 2012","","","21","100% (1/1)","100% (1/1)","100% (1/1)","movies","skateboarding","traveling"
"25DR14IXKO2LH3XL3D1653YOCCKBAR","2656SK9RJ85O7JFL831AXMOOQ5F5TC","List 3 things that someone you know likes","List someone's interests as though you were considering buying a gift for this person.","data collection, people you know, lists, list","$0.02","Sun Apr 15 03:37:23 GMT 2012","100","","120","604800","Sun Apr 22 03:37:23 GMT 2012","","","29NXX2Q45UUKYPENEZN1VS8OG0QAS7","A3I9PGYQPOKX8D","Approved","Mon Apr 16 06:21:37 GMT 2012","Mon Apr 16 06:22:59 GMT 2012","Sun Apr 22 23:22:59 PDT 2012","Mon Apr 16 15:59:37 PDT 2012","","","82","100% (1/1)","100% (1/1)","100% (1/1)","strawberries","care bears","clothes"
"25DR14IXKO2LH3XL3D1653YOCCKBAR","2656SK9RJ85O7JFL831AXMOOQ5F5TC","List 3 things that someone you know likes","List someone's interests as though you were considering buying a gift for this person.","data collection, people you know, lists, list","$0.02","Sun Apr 15 03:37:23 GMT 2012","100","","120","604800","Sun Apr 22 03:37:23 GMT 2012","","","2BIP6AUC26DGE8T8OKM0NK0COKT3AA","A1R5E7E1TKXPJA","Approved","Mon Apr 16 09:37:43 GMT 2012","Mon Apr 16 09:37:56 GMT 2012","Mon Apr 23 02:37:56 PDT 2012","Mon Apr 16 15:59:38 PDT 2012","","","13","100% (1/1)","100% (1/1)","100% (1/1)","Games","Music","Food"
"25DR14IXKO2LH3XL3D1653YOCCKBAR","2656SK9RJ85O7JFL831AXMOOQ5F5TC","List 3 things that someone you know likes","List someone's interests as though you were considering buying a gift for this person.","data collection, people you know, lists, list","$0.02","Sun Apr 15 03:37:23 GMT 2012","100","","120","604800","Sun Apr 22 03:37:23 GMT 2012","","","2BKNQQ7Q67059R0JE8S21QC1XM1VBO","A10U8UTVLT3R5A","Approved","Sun Apr 15 20:56:34 GMT 2012","Sun Apr 15 20:57:10 GMT 2012","Sun Apr 22 13:57:10 PDT 2012","Mon Apr 16 15:59:38 PDT 2012","","","36","100% (1/1)","100% (1/1)","100% (1/1)","playing guitar","cooking","drawing"
"25DR14IXKO2LH3XL3D1653YOCCKBAR","2656SK9RJ85O7JFL831AXMOOQ5F5TC","List 3 things that someone you know likes","List someone's interests as though you were considering buying a gift for this person.","data collection, people you know, lists, list","$0.02","Sun Apr 15 03:37:23 GMT 2012","100","","120","604800","Sun Apr 22 03:37:23 GMT 2012","","","2BKNQQ7Q67059R0JE8S21QC1XM6BV9","A2DUKWR9I6FFZV","Approved","Mon Apr 16 06:45:56 GMT 2012","Mon Apr 16 06:47:02 GMT 2012","Sun Apr 22 23:47:02 PDT 2012","Mon Apr 16 15:59:38 PDT 2012","","","66","100% (1/1)","100% (1/1)","100% (1/1)","The Office","bleu cheese","music"
"25DR14IXKO2LH3XL3D1653YOCCKBAR","2656SK9RJ85O7JFL831AXMOOQ5F5TC","List 3 things that someone you know likes","List someone's interests as though you were considering buying a gift for this person.","data collection, people you know, lists, list","$0.02","Sun Apr 15 03:37:23 GMT 2012","100","","120","604800","Sun Apr 22 03:37:23 GMT 2012","","","2BKNQQ7Q67059R0JE8S21QC1XMUVBH","A1BZIXNNNUCO4D","Approved","Sun Apr 15 03:49:57 GMT 2012","Sun Apr 15 03:50:13 GMT 2012","Sat Apr 21 20:50:13 PDT 2012","Mon Apr 16 15:59:38 PDT 2012","","","16","100% (1/1)","100% (1/1)","100% (1/1)","fishing","boating","drinking"
"25DR14IXKO2LH3XL3D1653YOCCKBAR","2656SK9RJ85O7JFL831AXMOOQ5F5TC","List 3 things that someone you know likes","List someone's interests as though you were considering buying a gift for this person.","data collection, people you know, lists, list","$0.02","Sun Apr 15 03:37:23 GMT 2012","100","","120","604800","Sun Apr 22 03:37:23 GMT 2012","","","2C8TP9RA7S5WU2MGP9FFF0JMHLXXSW","A19W77GHX73WVA","Approved","Mon Apr 16 02:41:43 GMT 2012","Mon Apr 16 02:42:14 GMT 2012","Sun Apr 22 19:42:14 PDT 2012","Mon Apr 16 15:59:38 PDT 2012","","","31","100% (1/1)","100% (1/1)","100% (1/1)","Clothing","Music","Electronics"
"25DR14IXKO2LH3XL3D1653YOCCKBAR","2656SK9RJ85O7JFL831AXMOOQ5F5TC","List 3 things that someone you know likes","List someone's interests as though you were considering buying a gift for this person.","data collection, people you know, lists, list","$0.02","Sun Apr 15 03:37:23 GMT 2012","100","","120","604800","Sun Apr 22 03:37:23 GMT 2012","","","2CEIKMN9U8P964O0NDOIBSUYIMLCTW","A20Z3LCRPJHMCG","Approved","Sun Apr 15 18:51:58 GMT 2012","Sun Apr 15 18:52:20 GMT 2012","Sun Apr 22 11:52:20 PDT 2012","Mon Apr 16 15:59:38 PDT 2012","","","22","100% (1/1)","100% (1/1)","100% (1/1)","gardening","scrapbooking","camping"
"25DR14IXKO2LH3XL3D1653YOCCKBAR","2656SK9RJ85O7JFL831AXMOOQ5F5TC","List 3 things that someone you know likes","List someone's interests as though you were considering buying a gift for this person.","data collection, people you know, lists, list","$0.02","Sun Apr 15 03:37:23 GMT 2012","100","","120","604800","Sun Apr 22 03:37:23 GMT 2012","","","2CEIKMN9U8P964O0NDOIBSUYIMPTCH","A3APOHP7MF6T5P","Approved","Mon Apr 16 06:46:45 GMT 2012","Mon Apr 16 06:47:00 GMT 2012","Sun Apr 22 23:47:00 PDT 2012","Mon Apr 16 15:59:38 PDT 2012","","","15","100% (1/1)","100% (1/1)","100% (1/1)","working out","shopping","playing poker"
"25DR14IXKO2LH3XL3D1653YOCCKBAR","2656SK9RJ85O7JFL831AXMOOQ5F5TC","List 3 things that someone you know likes","List someone's interests as though you were considering buying a gift for this person.","data collection, people you know, lists, list","$0.02","Sun Apr 15 03:37:23 GMT 2012","100","","120","604800","Sun Apr 22 03:37:23 GMT 2012","","","2CWE6AUBXHWSP8VS0QMB7WDRLXXY25","A28IVQDV43N5H2","Approved","Mon Apr 16 15:36:34 GMT 2012","Mon Apr 16 15:37:15 GMT 2012","Mon Apr 23 08:37:15 PDT 2012","Mon Apr 16 15:59:38 PDT 2012","","","41","100% (1/1)","100% (1/1)","100% (1/1)","backpacking.","photography.","cooking."
"25DR14IXKO2LH3XL3D1653YOCCKBAR","2656SK9RJ85O7JFL831AXMOOQ5F5TC","List 3 things that someone you know likes","List someone's interests as though you were considering buying a gift for this person.","data collection, people you know, lists, list","$0.02","Sun Apr 15 03:37:23 GMT 2012","100","","120","604800","Sun Apr 22 03:37:23 GMT 2012","","","2D7DEY5COW0LOSFAZTIFTC6VNUJ4VQ","A2OOLPLSOR3TBO","Approved","Sun Apr 15 15:30:57 GMT 2012","Sun Apr 15 15:31:18 GMT 2012","Sun Apr 22 08:31:18 PDT 2012","Mon Apr 16 15:59:38 PDT 2012","","","21","100% (1/1)","100% (1/1)","100% (1/1)","working out","reading","fishing"
"25DR14IXKO2LH3XL3D1653YOCCKBAR","2656SK9RJ85O7JFL831AXMOOQ5F5TC","List 3 things that someone you know likes","List someone's interests as though you were considering buying a gift for this person.","data collection, people you know, lists, list","$0.02","Sun Apr 15 03:37:23 GMT 2012","100","","120","604800","Sun Apr 22 03:37:23 GMT 2012","","","2DO5XH0JPPSIALELG2JPF5KLM6BMG9","AIX7XIW84VZ5H","Approved","Sun Apr 15 04:06:14 GMT 2012","Sun Apr 15 04:06:57 GMT 2012","Sat Apr 21 21:06:57 PDT 2012","Mon Apr 16 15:59:39 PDT 2012","","","43","100% (1/1)","100% (1/1)","100% (1/1)","video games","sword collecting","reading"
"25DR14IXKO2LH3XL3D1653YOCCKBAR","2656SK9RJ85O7JFL831AXMOOQ5F5TC","List 3 things that someone you know likes","List someone's interests as though you were considering buying a gift for this person.","data collection, people you know, lists, list","$0.02","Sun Apr 15 03:37:23 GMT 2012","100","","120","604800","Sun Apr 22 03:37:23 GMT 2012","","","2DO5XH0JPPSIALELG2JPF5KLM6KMGI","AM3QVH5WQQTV4","Approved","Mon Apr 16 03:41:09 GMT 2012","Mon Apr 16 03:41:39 GMT 2012","Sun Apr 22 20:41:39 PDT 2012","Mon Apr 16 15:59:39 PDT 2012","","","30","100% (1/1)","100% (1/1)","100% (1/1)","Trains","Woodworking","Nascar Racing"
"25DR14IXKO2LH3XL3D1653YOCCKBAR","2656SK9RJ85O7JFL831AXMOOQ5F5TC","List 3 things that someone you know likes","List someone's interests as though you were considering buying a gift for this person.","data collection, people you know, lists, list","$0.02","Sun Apr 15 03:37:23 GMT 2012","100","","120","604800","Sun Apr 22 03:37:23 GMT 2012","","","2E66AUBXHWSHFG1G0C2Z4DRLX5SZ3Z","A3EQ15QZ92IYB3","Approved","Sun Apr 15 15:01:12 GMT 2012","Sun Apr 15 15:01:36 GMT 2012","Sun Apr 22 08:01:36 PDT 2012","Mon Apr 16 15:59:39 PDT 2012","","","24","100% (2/2)","100% (2/2)","100% (2/2)","snoopy","running","cooking"
"25DR14IXKO2LH3XL3D1653YOCCKBAR","2656SK9RJ85O7JFL831AXMOOQ5F5TC","List 3 things that someone you know likes","List someone's interests as though you were considering buying a gift for this person.","data collection, people you know, lists, list","$0.02","Sun Apr 15 03:37:23 GMT 2012","100","","120","604800","Sun Apr 22 03:37:23 GMT 2012","","","2EXUUKQOYGNI423ZZ570907SVG1YGN","A1XERETYIDP4IY","Approved","Mon Apr 16 13:02:58 GMT 2012","Mon Apr 16 13:03:31 GMT 2012","Mon Apr 23 06:03:31 PDT 2012","Mon Apr 16 15:59:39 PDT 2012","","","33","100% (2/2)","100% (2/2)","100% (2/2)","drawing","making videos","taking photos"
"25DR14IXKO2LH3XL3D1653YOCCKBAR","2656SK9RJ85O7JFL831AXMOOQ5F5TC","List 3 things that someone you know likes","List someone's interests as though you were considering buying a gift for this person.","data collection, people you know, lists, list","$0.02","Sun Apr 15 03:37:23 GMT 2012","100","","120","604800","Sun Apr 22 03:37:23 GMT 2012","","","2FJ98D8J3VE74T80EF3GBMCK8AAXH5","A34ZDC28KQZ9S4","Approved","Sun Apr 15 10:23:02 GMT 2012","Sun Apr 15 10:23:30 GMT 2012","Sun Apr 22 03:23:30 PDT 2012","Mon Apr 16 15:59:39 PDT 2012","","","28","100% (1/1)","100% (1/1)","100% (1/1)","Twilight","House of Knight","photography"
"25DR14IXKO2LH3XL3D1653YOCCKBAR","2656SK9RJ85O7JFL831AXMOOQ5F5TC","List 3 things that someone you know likes","List someone's interests as though you were considering buying a gift for this person.","data collection, people you know, lists, list","$0.02","Sun Apr 15 03:37:23 GMT 2012","100","","120","604800","Sun Apr 22 03:37:23 GMT 2012","","","2FKW6NG1FS3N6OZIPWSF7SZL2XBKY5","A28BH1QYZAWWCN","Approved","Sun Apr 15 16:57:23 GMT 2012","Sun Apr 15 16:58:03 GMT 2012","Sun Apr 22 09:58:03 PDT 2012","Mon Apr 16 15:59:39 PDT 2012","","","40","100% (1/1)","100% (1/1)","100% (1/1)","BASKETBALL","SWIMMING","SINGING"
"25DR14IXKO2LH3XL3D1653YOCCKBAR","2656SK9RJ85O7JFL831AXMOOQ5F5TC","List 3 things that someone you know likes","List someone's interests as though you were considering buying a gift for this person.","data collection, people you know, lists, list","$0.02","Sun Apr 15 03:37:23 GMT 2012","100","","120","604800","Sun Apr 22 03:37:23 GMT 2012","","","2FKW6NG1FS3N6OZIPWSF7SZL2XGKYA","A2LA098BEO72OS","Approved","Mon Apr 16 05:40:43 GMT 2012","Mon Apr 16 05:41:20 GMT 2012","Sun Apr 22 22:41:20 PDT 2012","Mon Apr 16 15:59:39 PDT 2012","","","37","100% (1/1)","100% (1/1)","100% (1/1)","art","gardens","tents"
"25DR14IXKO2LH3XL3D1653YOCCKBAR","2656SK9RJ85O7JFL831AXMOOQ5F5TC","List 3 things that someone you know likes","List someone's interests as though you were considering buying a gift for this person.","data collection, people you know, lists, list","$0.02","Sun Apr 15 03:37:23 GMT 2012","100","","120","604800","Sun Apr 22 03:37:23 GMT 2012","","","2FLYMNCWYB49NA8ZJYO19JONSTLMQ5","A1HAFA8OXTBWF3","Approved","Sun Apr 15 05:19:42 GMT 2012","Sun Apr 15 05:19:59 GMT 2012","Sat Apr 21 22:19:59 PDT 2012","Mon Apr 16 15:59:40 PDT 2012","","","17","100% (1/1)","100% (1/1)","100% (1/1)","CAMERAS","surfing","traveling"
"25DR14IXKO2LH3XL3D1653YOCCKBAR","2656SK9RJ85O7JFL831AXMOOQ5F5TC","List 3 things that someone you know likes","List someone's interests as though you were considering buying a gift for this person.","data collection, people you know, lists, list","$0.02","Sun Apr 15 03:37:23 GMT 2012","100","","120","604800","Sun Apr 22 03:37:23 GMT 2012","","","2GJ70G5R98D8R4BLYDJS1NYCG38CS8","AHU03JWBSJ2DJ","Approved","Sun Apr 15 23:04:33 GMT 2012","Sun Apr 15 23:04:46 GMT 2012","Sun Apr 22 16:04:46 PDT 2012","Mon Apr 16 15:59:40 PDT 2012","","","13","100% (1/1)","100% (1/1)","100% (1/1)","Hockey","Reading","Gardening"
"25DR14IXKO2LH3XL3D1653YOCCKBAR","2656SK9RJ85O7JFL831AXMOOQ5F5TC","List 3 things that someone you know likes","List someone's interests as though you were considering buying a gift for this person.","data collection, people you know, lists, list","$0.02","Sun Apr 15 03:37:23 GMT 2012","100","","120","604800","Sun Apr 22 03:37:23 GMT 2012","","","2GKVQ8H88MQUEMLV2C3I9RXX4AZR8O","A139R9UH4QHJKT","Approved","Sun Apr 15 08:06:31 GMT 2012","Sun Apr 15 08:07:12 GMT 2012","Sun Apr 22 01:07:12 PDT 2012","Mon Apr 16 15:59:40 PDT 2012","","","41","100% (1/1)","100% (1/1)","100% (1/1)","television","reading","shopping"
"25DR14IXKO2LH3XL3D1653YOCCKBAR","2656SK9RJ85O7JFL831AXMOOQ5F5TC","List 3 things that someone you know likes","List someone's interests as though you were considering buying a gift for this person.","data collection, people you know, lists, list","$0.02","Sun Apr 15 03:37:23 GMT 2012","100","","120","604800","Sun Apr 22 03:37:23 GMT 2012","","","2GPBAT2D5NQYV6VAHHAGDTYMNCI37E","A1RCH09V66LRDO","Approved","Sun Apr 15 20:13:17 GMT 2012","Sun Apr 15 20:13:49 GMT 2012","Sun Apr 22 13:13:49 PDT 2012","Mon Apr 16 15:59:40 PDT 2012","","","32","100% (1/1)","100% (1/1)","100% (1/1)","Biking","Photography","Hiking"
"25DR14IXKO2LH3XL3D1653YOCCKBAR","2656SK9RJ85O7JFL831AXMOOQ5F5TC","List 3 things that someone you know likes","List someone's interests as though you were considering buying a gift for this person.","data collection, people you know, lists, list","$0.02","Sun Apr 15 03:37:23 GMT 2012","100","","120","604800","Sun Apr 22 03:37:23 GMT 2012","","","2I6R9Y8TNKIM7T2CBW8SAOM0PGA8VW","A2PCBUVZRBNP5J","Approved","Sun Apr 15 03:39:46 GMT 2012","Sun Apr 15 03:40:31 GMT 2012","Sat Apr 21 20:40:31 PDT 2012","Mon Apr 16 15:59:40 PDT 2012","","","45","100% (1/1)","100% (1/1)","100% (1/1)","Video games","Poker","Jerry springer"
"25DR14IXKO2LH3XL3D1653YOCCKBAR","2656SK9RJ85O7JFL831AXMOOQ5F5TC","List 3 things that someone you know likes","List someone's interests as though you were considering buying a gift for this person.","data collection, people you know, lists, list","$0.02","Sun Apr 15 03:37:23 GMT 2012","100","","120","604800","Sun Apr 22 03:37:23 GMT 2012","","","2IAUB2YU98JH0U1IU2RFJJ9IOBAMA9","A3CWGT3EMQ17Y0","Approved","Mon Apr 16 14:59:14 GMT 2012","Mon Apr 16 14:59:30 GMT 2012","Mon Apr 23 07:59:30 PDT 2012","Mon Apr 16 15:59:40 PDT 2012","","","16","100% (1/1)","100% (1/1)","100% (1/1)","Music","Video Games","Sports"
"25DR14IXKO2LH3XL3D1653YOCCKBAR","2656SK9RJ85O7JFL831AXMOOQ5F5TC","List 3 things that someone you know likes","List someone's interests as though you were considering buying a gift for this person.","data collection, people you know, lists, list","$0.02","Sun Apr 15 03:37:23 GMT 2012","100","","120","604800","Sun Apr 22 03:37:23 GMT 2012","","","2JG9Z6KW4ZMA7IXYI26Q8ONNVR26FQ","A15QCPGJOEECEG","Approved","Sun Apr 15 18:12:38 GMT 2012","Sun Apr 15 18:13:23 GMT 2012","Sun Apr 22 11:13:23 PDT 2012","Mon Apr 16 15:59:40 PDT 2012","","","45","100% (1/1)","100% (1/1)","100% (1/1)","Looking in the mirror","playing chess","going out to eat"
"25DR14IXKO2LH3XL3D1653YOCCKBAR","2656SK9RJ85O7JFL831AXMOOQ5F5TC","List 3 things that someone you know likes","List someone's interests as though you were considering buying a gift for this person.","data collection, people you know, lists, list","$0.02","Sun Apr 15 03:37:23 GMT 2012","100","","120","604800","Sun Apr 22 03:37:23 GMT 2012","","","2JG9Z6KW4ZMA7IXYI26Q8ONNVR4F61","AB7A3UZ5IU3VS","Approved","Mon Apr 16 02:09:21 GMT 2012","Mon Apr 16 02:09:37 GMT 2012","Sun Apr 22 19:09:37 PDT 2012","Mon Apr 16 15:59:41 PDT 2012","","","16","100% (1/1)","100% (1/1)","100% (1/1)","TV","Video Games","Sleeping"
"25DR14IXKO2LH3XL3D1653YOCCKBAR","2656SK9RJ85O7JFL831AXMOOQ5F5TC","List 3 things that someone you know likes","List someone's interests as though you were considering buying a gift for this person.","data collection, people you know, lists, list","$0.02","Sun Apr 15 03:37:23 GMT 2012","100","","120","604800","Sun Apr 22 03:37:23 GMT 2012","","","2JQ8TNKIMZSMDLVOJJFM8PGVF3YYBV","A2VNRDWA7JUYMP","Approved","Sun Apr 15 06:26:56 GMT 2012","Sun Apr 15 06:27:21 GMT 2012","Sat Apr 21 23:27:21 PDT 2012","Mon Apr 16 15:59:41 PDT 2012","","","25","100% (1/1)","100% (1/1)","100% (1/1)","biking","fishing","pottery"
"25DR14IXKO2LH3XL3D1653YOCCKBAR","2656SK9RJ85O7JFL831AXMOOQ5F5TC","List 3 things that someone you know likes","List someone's interests as though you were considering buying a gift for this person.","data collection, people you know, lists, list","$0.02","Sun Apr 15 03:37:23 GMT 2012","100","","120","604800","Sun Apr 22 03:37:23 GMT 2012","","","2KL2D5NQYN5FBRGQ7MKYUNCWYBPA6H","A3HRW3PKJF0KEJ","Approved","Sun Apr 15 19:40:47 GMT 2012","Sun Apr 15 19:40:57 GMT 2012","Sun Apr 22 12:40:57 PDT 2012","Mon Apr 16 15:59:41 PDT 2012","","","10","100% (2/2)","100% (2/2)","100% (2/2)","fishing","soccer","math"
"25DR14IXKO2LH3XL3D1653YOCCKBAR","2656SK9RJ85O7JFL831AXMOOQ5F5TC","List 3 things that someone you know likes","List someone's interests as though you were considering buying a gift for this person.","data collection, people you know, lists, list","$0.02","Sun Apr 15 03:37:23 GMT 2012","100","","120","604800","Sun Apr 22 03:37:23 GMT 2012","","","2KMC26DG67D154B761RCWK2JE1F7EG","A2I5KYWO2VLEIX","Approved","Mon Apr 16 17:05:47 GMT 2012","Mon Apr 16 17:06:18 GMT 2012","Mon Apr 23 10:06:18 PDT 2012","Mon Apr 16 15:59:41 PDT 2012","","","31","100% (1/1)","100% (1/1)","100% (1/1)","Flowers","Cooking","Tailoring"
"25DR14IXKO2LH3XL3D1653YOCCKBAR","2656SK9RJ85O7JFL831AXMOOQ5F5TC","List 3 things that someone you know likes","List someone's interests as though you were considering buying a gift for this person.","data collection, people you know, lists, list","$0.02","Sun Apr 15 03:37:23 GMT 2012","100","","120","604800","Sun Apr 22 03:37:23 GMT 2012","","","2KNKI62NJQ21F3FG0786JKLCVERMUA","A2MVYWZ7YHOQ0W","Approved","Sun Apr 15 05:28:48 GMT 2012","Sun Apr 15 05:29:01 GMT 2012","Sat Apr 21 22:29:01 PDT 2012","Mon Apr 16 15:59:41 PDT 2012","","","13","100% (1/1)","100% (1/1)","100% (1/1)","Skiing","Television","Food"
"25DR14IXKO2LH3XL3D1653YOCCKBAR","2656SK9RJ85O7JFL831AXMOOQ5F5TC","List 3 things that someone you know likes","List someone's interests as though you were considering buying a gift for this person.","data collection, people you know, lists, list","$0.02","Sun Apr 15 03:37:23 GMT 2012","100","","120","604800","Sun Apr 22 03:37:23 GMT 2012","","","2L5PGFL6VCPW7A7U4D9O31S7SNOL6A","A2538ZIP3GS3QB","Approved","Sun Apr 15 20:14:58 GMT 2012","Sun Apr 15 20:15:25 GMT 2012","Sun Apr 22 13:15:25 PDT 2012","Mon Apr 16 15:59:41 PDT 2012","","","27","100% (1/1)","100% (1/1)","100% (1/1)","video games","reading","technology related articles"
"25DR14IXKO2LH3XL3D1653YOCCKBAR","2656SK9RJ85O7JFL831AXMOOQ5F5TC","List 3 things that someone you know likes","List someone's interests as though you were considering buying a gift for this person.","data collection, people you know, lists, list","$0.02","Sun Apr 15 03:37:23 GMT 2012","100","","120","604800","Sun Apr 22 03:37:23 GMT 2012","","","2LSHFL42J1LYD9RETOD0QGFKHDHN2S","A95ONYVCP2U5A","Approved","Sun Apr 15 05:48:46 GMT 2012","Sun Apr 15 05:49:18 GMT 2012","Sat Apr 21 22:49:18 PDT 2012","Mon Apr 16 15:59:42 PDT 2012","","","32","100% (1/1)","100% (1/1)","100% (1/1)","HUNTING","FOOTBALL","POKER"
"25DR14IXKO2LH3XL3D1653YOCCKBAR","2656SK9RJ85O7JFL831AXMOOQ5F5TC","List 3 things that someone you know likes","List someone's interests as though you were considering buying a gift for this person.","data collection, people you know, lists, list","$0.02","Sun Apr 15 03:37:23 GMT 2012","100","","120","604800","Sun Apr 22 03:37:23 GMT 2012","","","2MB011K274J7HL63XIZNC6UXFCZCE7","A3OJGB9EJQSXXF","Approved","Sun Apr 15 22:24:43 GMT 2012","Sun Apr 15 22:24:55 GMT 2012","Sun Apr 22 15:24:55 PDT 2012","Mon Apr 16 15:59:42 PDT 2012","","","12","100% (1/1)","100% (1/1)","100% (1/1)","Civil rights","Motorcycles","Guns"
"25DR14IXKO2LH3XL3D1653YOCCKBAR","2656SK9RJ85O7JFL831AXMOOQ5F5TC","List 3 things that someone you know likes","List someone's interests as though you were considering buying a gift for this person.","data collection, people you know, lists, list","$0.02","Sun Apr 15 03:37:23 GMT 2012","100","","120","604800","Sun Apr 22 03:37:23 GMT 2012","","","2MFHMVHVKCJ09209YLA7HKQW61V644","ACIXEUZJDJW61","Approved","Mon Apr 16 00:27:29 GMT 2012","Mon Apr 16 00:28:13 GMT 2012","Sun Apr 22 17:28:13 PDT 2012","Mon Apr 16 15:59:42 PDT 2012","","","44","100% (1/1)","100% (1/1)","100% (1/1)","Sweets","Flowers","Clothes"
"25DR14IXKO2LH3XL3D1653YOCCKBAR","2656SK9RJ85O7JFL831AXMOOQ5F5TC","List 3 things that someone you know likes","List someone's interests as though you were considering buying a gift for this person.","data collection, people you know, lists, list","$0.02","Sun Apr 15 03:37:23 GMT 2012","100","","120","604800","Sun Apr 22 03:37:23 GMT 2012","","","2O41PC6SK9RJG6469G5HUAAPMOAQ2O","AZBOKLBR0QRU0","Approved","Sun Apr 15 23:22:42 GMT 2012","Sun Apr 15 23:24:15 GMT 2012","Sun Apr 22 16:24:15 PDT 2012","Mon Apr 16 15:59:42 PDT 2012","","","93","100% (1/1)","100% (1/1)","100% (1/1)","SINGING","FLOWER GARDENING","ENGLAND"
"25DR14IXKO2LH3XL3D1653YOCCKBAR","2656SK9RJ85O7JFL831AXMOOQ5F5TC","List 3 things that someone you know likes","List someone's interests as though you were considering buying a gift for this person.","data collection, people you know, lists, list","$0.02","Sun Apr 15 03:37:23 GMT 2012","100","","120","604800","Sun Apr 22 03:37:23 GMT 2012","","","2O8OOGQSCM6IIBIZ5ZLU200OQK5GG1","A1MX2BES59PYLM","Approved","Sun Apr 15 16:39:17 GMT 2012","Sun Apr 15 16:39:28 GMT 2012","Sun Apr 22 09:39:28 PDT 2012","Mon Apr 16 15:59:42 PDT 2012","","","11","100% (1/1)","100% (1/1)","100% (1/1)","biking","social innovation","politics"
"25DR14IXKO2LH3XL3D1653YOCCKBAR","2656SK9RJ85O7JFL831AXMOOQ5F5TC","List 3 things that someone you know likes","List someone's interests as though you were considering buying a gift for this person.","data collection, people you know, lists, list","$0.02","Sun Apr 15 03:37:23 GMT 2012","100","","120","604800","Sun Apr 22 03:37:23 GMT 2012","","","2O8OOGQSCM6IIBIZ5ZLU200OQK8GG4","A1RGNJEIG0MUZV","Approved","Mon Apr 16 04:46:05 GMT 2012","Mon Apr 16 04:46:31 GMT 2012","Sun Apr 22 21:46:31 PDT 2012","Mon Apr 16 15:59:42 PDT 2012","","","26","100% (1/1)","100% (1/1)","100% (1/1)","Running","Drinking","Brewing"
"25DR14IXKO2LH3XL3D1653YOCCKBAR","2656SK9RJ85O7JFL831AXMOOQ5F5TC","List 3 things that someone you know likes","List someone's interests as though you were considering buying a gift for this person.","data collection, people you know, lists, list","$0.02","Sun Apr 15 03:37:23 GMT 2012","100","","120","604800","Sun Apr 22 03:37:23 GMT 2012","","","2P30HFL42J1L66OIYJYM8IGFKH2M1J","A33FIEFCC1Q8UI","Approved","Mon Apr 16 06:46:54 GMT 2012","Mon Apr 16 06:47:22 GMT 2012","Sun Apr 22 23:47:22 PDT 2012","Mon Apr 16 15:59:42 PDT 2012","","","28","100% (1/1)","100% (1/1)","100% (1/1)","fishing","kayaking","jogging"
"25DR14IXKO2LH3XL3D1653YOCCKBAR","2656SK9RJ85O7JFL831AXMOOQ5F5TC","List 3 things that someone you know likes","List someone's interests as though you were considering buying a gift for this person.","data collection, people you know, lists, list","$0.02","Sun Apr 15 03:37:23 GMT 2012","100","","120","604800","Sun Apr 22 03:37:23 GMT 2012","","","2P64EGDHDM25T9YGEGN6PEZ6OEQMC6","A3NG97KPZQQ4Q7","Approved","Sun Apr 15 22:08:28 GMT 2012","Sun Apr 15 22:08:57 GMT 2012","Sun Apr 22 15:08:57 PDT 2012","Mon Apr 16 15:59:43 PDT 2012","","","29","100% (1/1)","100% (1/1)","100% (1/1)","Watches","Sitcoms","Football"
"25DR14IXKO2LH3XL3D1653YOCCKBAR","2656SK9RJ85O7JFL831AXMOOQ5F5TC","List 3 things that someone you know likes","List someone's interests as though you were considering buying a gift for this person.","data collection, people you know, lists, list","$0.02","Sun Apr 15 03:37:23 GMT 2012","100","","120","604800","Sun Apr 22 03:37:23 GMT 2012","","","2PKVGULF395S473NSWJ3VYNJBYXPBU","A3JB1Y6Y94EJCB","Approved","Sun Apr 15 12:49:47 GMT 2012","Sun Apr 15 12:50:05 GMT 2012","Sun Apr 22 05:50:05 PDT 2012","Mon Apr 16 15:59:43 PDT 2012","","","18","100% (1/1)","100% (1/1)","100% (1/1)","drugs","music","clothes"
"25DR14IXKO2LH3XL3D1653YOCCKBAR","2656SK9RJ85O7JFL831AXMOOQ5F5TC","List 3 things that someone you know likes","List someone's interests as though you were considering buying a gift for this person.","data collection, people you know, lists, list","$0.02","Sun Apr 15 03:37:23 GMT 2012","100","","120","604800","Sun Apr 22 03:37:23 GMT 2012","","","2QQQ4J3NAB6BNNVMFFPI11TJFD2RES","A3LRYB7ANCGDQZ","Approved","Mon Apr 16 01:03:26 GMT 2012","Mon Apr 16 01:03:50 GMT 2012","Sun Apr 22 18:03:50 PDT 2012","Mon Apr 16 15:59:43 PDT 2012","","","24","100% (1/1)","100% (1/1)","100% (1/1)","Guitar","Drawing","Knitting"
"25DR14IXKO2LH3XL3D1653YOCCKBAR","2656SK9RJ85O7JFL831AXMOOQ5F5TC","List 3 things that someone you know likes","List someone's interests as though you were considering buying a gift for this person.","data collection, people you know, lists, list","$0.02","Sun Apr 15 03:37:23 GMT 2012","100","","120","604800","Sun Apr 22 03:37:23 GMT 2012","","","2QXTYMNCWYB4HGPZJ98X91JONS8LPA","A1P9VXYAY8909","Approved","Sun Apr 15 03:38:17 GMT 2012","Sun Apr 15 03:38:38 GMT 2012","Sat Apr 21 20:38:38 PDT 2012","Mon Apr 16 15:59:43 PDT 2012","","","21","100% (1/1)","100% (1/1)","100% (1/1)","music","sports","reading"
"25DR14IXKO2LH3XL3D1653YOCCKBAR","2656SK9RJ85O7JFL831AXMOOQ5F5TC","List 3 things that someone you know likes","List someone's interests as though you were considering buying a gift for this person.","data collection, people you know, lists, list","$0.02","Sun Apr 15 03:37:23 GMT 2012","100","","120","604800","Sun Apr 22 03:37:23 GMT 2012","","","2R5M25L8I9NZ47XLQNFECQW7T8RISF","A24O15YZG7HMW3","Approved","Sun Apr 15 21:30:37 GMT 2012","Sun Apr 15 21:30:48 GMT 2012","Sun Apr 22 14:30:48 PDT 2012","Mon Apr 16 15:59:43 PDT 2012","","","11","100% (1/1)","100% (1/1)","100% (1/1)","Cleaning","Shopping","Working out"
"25DR14IXKO2LH3XL3D1653YOCCKBAR","2656SK9RJ85O7JFL831AXMOOQ5F5TC","List 3 things that someone you know likes","List someone's interests as though you were considering buying a gift for this person.","data collection, people you know, lists, list","$0.02","Sun Apr 15 03:37:23 GMT 2012","100","","120","604800","Sun Apr 22 03:37:23 GMT 2012","","","2R6CWA6X3YOCKGGJGMBXXTINIIHNO2","A3GNVX96S1GIO8","Approved","Sun Apr 15 16:10:43 GMT 2012","Sun Apr 15 16:11:12 GMT 2012","Sun Apr 22 09:11:12 PDT 2012","Mon Apr 16 15:59:43 PDT 2012","","","29","100% (1/1)","100% (1/1)","100% (1/1)","Video Games","Basketball","Bike Riding"
"25DR14IXKO2LH3XL3D1653YOCCKBAR","2656SK9RJ85O7JFL831AXMOOQ5F5TC","List 3 things that someone you know likes","List someone's interests as though you were considering buying a gift for this person.","data collection, people you know, lists, list","$0.02","Sun Apr 15 03:37:23 GMT 2012","100","","120","604800","Sun Apr 22 03:37:23 GMT 2012","","","2RGVR14IXKO2TAIO5TNAEX3YOC59AZ","A1HO3Z29A3N7K5","Approved","Mon Apr 16 16:35:47 GMT 2012","Mon Apr 16 16:36:30 GMT 2012","Mon Apr 23 09:36:30 PDT 2012","Mon Apr 16 15:59:43 PDT 2012","","","43","100% (1/1)","100% (1/1)","100% (1/1)","exercising","reading","fishing"
"25DR14IXKO2LH3XL3D1653YOCCKBAR","2656SK9RJ85O7JFL831AXMOOQ5F5TC","List 3 things that someone you know likes","List someone's interests as though you were considering buying a gift for this person.","data collection, people you know, lists, list","$0.02","Sun Apr 15 03:37:23 GMT 2012","100","","120","604800","Sun Apr 22 03:37:23 GMT 2012","","","2RSJPPSI2KYEXM8WYMBLU6WJ3OOQK2","A2SB2BW2W4T4WW","Approved","Sun Apr 15 03:38:34 GMT 2012","Sun Apr 15 03:39:17 GMT 2012","Sat Apr 21 20:39:17 PDT 2012","Mon Apr 16 15:59:43 PDT 2012","","","43","100% (1/1)","100% (1/1)","100% (1/1)","Listening to music.","Surfing the Internet.","Sunbathing."
"25DR14IXKO2LH3XL3D1653YOCCKBAR","2656SK9RJ85O7JFL831AXMOOQ5F5TC","List 3 things that someone you know likes","List someone's interests as though you were considering buying a gift for this person.","data collection, people you know, lists, list","$0.02","Sun Apr 15 03:37:23 GMT 2012","100","","120","604800","Sun Apr 22 03:37:23 GMT 2012","","","2S0IUB2YU98JPT9S2KC0NBJ9IORL9G","A179VVX2QGAJK0","Approved","Sun Apr 15 04:32:42 GMT 2012","Sun Apr 15 04:33:45 GMT 2012","Sat Apr 21 21:33:45 PDT 2012","Mon Apr 16 15:59:43 PDT 2012","","","63","100% (1/1)","100% (1/1)","100% (1/1)","photography","beauty/pampering/skin care products",""
"25DR14IXKO2LH3XL3D1653YOCCKBAR","2656SK9RJ85O7JFL831AXMOOQ5F5TC","List 3 things that someone you know likes","List someone's interests as though you were considering buying a gift for this person.","data collection, people you know, lists, list","$0.02","Sun Apr 15 03:37:23 GMT 2012","100","","120","604800","Sun Apr 22 03:37:23 GMT 2012","","","2SY2NJQ2172ZHA6OXSBLKVEBU1OXPE","A2JTOQ8TN06R2","Approved","Sun Apr 15 20:04:57 GMT 2012","Sun Apr 15 20:05:26 GMT 2012","Sun Apr 22 13:05:26 PDT 2012","Mon Apr 16 15:59:44 PDT 2012","","","29","100% (1/1)","100% (1/1)","100% (1/1)","Computers","Harley","Camping"
"25DR14IXKO2LH3XL3D1653YOCCKBAR","2656SK9RJ85O7JFL831AXMOOQ5F5TC","List 3 things that someone you know likes","List someone's interests as though you were considering buying a gift for this person.","data collection, people you know, lists, list","$0.02","Sun Apr 15 03:37:23 GMT 2012","100","","120","604800","Sun Apr 22 03:37:23 GMT 2012","","","2TUD21O3W5XH8K5WJZTK6EPLSPTAGK","A2OHCMP5FBDI02","Approved","Sun Apr 15 22:53:36 GMT 2012","Sun Apr 15 22:53:44 GMT 2012","Sun Apr 22 15:53:44 PDT 2012","Mon Apr 16 15:59:44 PDT 2012","","","8","100% (1/1)","100% (1/1)","100% (1/1)","Beer","Racing","Sports"
"25DR14IXKO2LH3XL3D1653YOCCKBAR","2656SK9RJ85O7JFL831AXMOOQ5F5TC","List 3 things that someone you know likes","List someone's interests as though you were considering buying a gift for this person.","data collection, people you know, lists, list","$0.02","Sun Apr 15 03:37:23 GMT 2012","100","","120","604800","Sun Apr 22 03:37:23 GMT 2012","","","2UHEIB9BAWLSUY5XWCOUL3MTRRZ2ZY","AAOTQHC4EKP59","Approved","Mon Apr 16 05:22:46 GMT 2012","Mon Apr 16 05:23:16 GMT 2012","Sun Apr 22 22:23:16 PDT 2012","Mon Apr 16 15:59:44 PDT 2012","","","30","100% (1/1)","100% (1/1)","100% (1/1)","Biking","Travel","Photography"
"25DR14IXKO2LH3XL3D1653YOCCKBAR","2656SK9RJ85O7JFL831AXMOOQ5F5TC","List 3 things that someone you know likes","List someone's interests as though you were considering buying a gift for this person.","data collection, people you know, lists, list","$0.02","Sun Apr 15 03:37:23 GMT 2012","100","","120","604800","Sun Apr 22 03:37:23 GMT 2012","","","2UHFE4EGDHDMA61F9QEZ46HEZ6AAKN","A1UKQ3N8FWBGH1","Approved","Sun Apr 15 23:25:40 GMT 2012","Sun Apr 15 23:26:01 GMT 2012","Sun Apr 22 16:26:01 PDT 2012","Mon Apr 16 15:59:44 PDT 2012","","","21","100% (1/1)","100% (1/1)","100% (1/1)","running","tennis","electronics"
"25DR14IXKO2LH3XL3D1653YOCCKBAR","2656SK9RJ85O7JFL831AXMOOQ5F5TC","List 3 things that someone you know likes","List someone's interests as though you were considering buying a gift for this person.","data collection, people you know, lists, list","$0.02","Sun Apr 15 03:37:23 GMT 2012","100","","120","604800","Sun Apr 22 03:37:23 GMT 2012","","","2VYVCPWZ9RND4J42S9YSV3DTGURBQF","A1WLYA8ZBNKL76","Approved","Mon Apr 16 06:39:45 GMT 2012","Mon Apr 16 06:40:15 GMT 2012","Sun Apr 22 23:40:15 PDT 2012","Mon Apr 16 15:59:44 PDT 2012","","","30","100% (1/1)","100% (1/1)","100% (1/1)","painting","yoga","watching Disney or Pixar movies"
"25DR14IXKO2LH3XL3D1653YOCCKBAR","2656SK9RJ85O7JFL831AXMOOQ5F5TC","List 3 things that someone you know likes","List someone's interests as though you were considering buying a gift for this person.","data collection, people you know, lists, list","$0.02","Sun Apr 15 03:37:23 GMT 2012","100","","120","604800","Sun Apr 22 03:37:23 GMT 2012","","","2WGFXRDS4IC1MZTUO06M91A2IVPYVC","A3CGSKCYKE0DTS","Approved","Mon Apr 16 13:33:29 GMT 2012","Mon Apr 16 13:33:46 GMT 2012","Mon Apr 23 06:33:46 PDT 2012","Mon Apr 16 15:59:44 PDT 2012","","","17","100% (1/1)","100% (1/1)","100% (1/1)","video games","tools","movies"
"25DR14IXKO2LH3XL3D1653YOCCKBAR","2656SK9RJ85O7JFL831AXMOOQ5F5TC","List 3 things that someone you know likes","List someone's interests as though you were considering buying a gift for this person.","data collection, people you know, lists, list","$0.02","Sun Apr 15 03:37:23 GMT 2012","100","","120","604800","Sun Apr 22 03:37:23 GMT 2012","","","2WS5BMJTUHYWAH9W081705WM16WMHG","A332JOE9IUF8H3","Approved","Mon Apr 16 01:48:43 GMT 2012","Mon Apr 16 01:49:26 GMT 2012","Sun Apr 22 18:49:26 PDT 2012","Mon Apr 16 15:59:44 PDT 2012","","","43","100% (1/1)","100% (1/1)","100% (1/1)","sewing","photography","reading"
"25DR14IXKO2LH3XL3D1653YOCCKBAR","2656SK9RJ85O7JFL831AXMOOQ5F5TC","List 3 things that someone you know likes","List someone's interests as though you were considering buying a gift for this person.","data collection, people you know, lists, list","$0.02","Sun Apr 15 03:37:23 GMT 2012","100","","120","604800","Sun Apr 22 03:37:23 GMT 2012","","","2XB92NJKM05BUK918FN2OTP9RANFAK","A27VG0NNC3CFLZ","Approved","Sun Apr 15 05:09:20 GMT 2012","Sun Apr 15 05:09:37 GMT 2012","Sat Apr 21 22:09:37 PDT 2012","Mon Apr 16 15:59:45 PDT 2012","","","17","100% (1/1)","100% (1/1)","100% (1/1)","video games","electronics","mountain dew soda"
"25DR14IXKO2LH3XL3D1653YOCCKBAR","2656SK9RJ85O7JFL831AXMOOQ5F5TC","List 3 things that someone you know likes","List someone's interests as though you were considering buying a gift for this person.","data collection, people you know, lists, list","$0.02","Sun Apr 15 03:37:23 GMT 2012","100","","120","604800","Sun Apr 22 03:37:23 GMT 2012","","","2XIY2RCJK63Z3FJOIHBUQAQ9JLLV6Y","A1YP1WFCGYYRTK","Approved","Sun Apr 15 05:53:44 GMT 2012","Sun Apr 15 05:53:57 GMT 2012","Sat Apr 21 22:53:57 PDT 2012","Mon Apr 16 15:59:45 PDT 2012","","","13","100% (1/1)","100% (1/1)","100% (1/1)","wine","shopping","jewelery"
"25DR14IXKO2LH3XL3D1653YOCCKBAR","2656SK9RJ85O7JFL831AXMOOQ5F5TC","List 3 things that someone you know likes","List someone's interests as though you were considering buying a gift for this person.","data collection, people you know, lists, list","$0.02","Sun Apr 15 03:37:23 GMT 2012","100","","120","604800","Sun Apr 22 03:37:23 GMT 2012","","","2XIY2RCJK63Z3FJOIHBUQAQ9JLPV62","A37UIOC7U37GTC","Approved","Sun Apr 15 15:44:18 GMT 2012","Sun Apr 15 15:44:48 GMT 2012","Sun Apr 22 08:44:48 PDT 2012","Mon Apr 16 15:59:45 PDT 2012","","","30","100% (1/1)","100% (1/1)","100% (1/1)","reading","fast cars","baseball"
"25DR14IXKO2LH3XL3D1653YOCCKBAR","2656SK9RJ85O7JFL831AXMOOQ5F5TC","List 3 things that someone you know likes","List someone's interests as though you were considering buying a gift for this person.","data collection, people you know, lists, list","$0.02","Sun Apr 15 03:37:23 GMT 2012","100","","120","604800","Sun Apr 22 03:37:23 GMT 2012","","","2XIYN5F3Q0JGDUETETNYJ49F9SDFBK","AWBSNKVYVD0M","Approved","Sun Apr 15 17:51:42 GMT 2012","Sun Apr 15 17:51:59 GMT 2012","Sun Apr 22 10:51:59 PDT 2012","Mon Apr 16 15:59:45 PDT 2012","","","17","100% (1/1)","100% (1/1)","100% (1/1)","gardening","cooking","sewing"
"25DR14IXKO2LH3XL3D1653YOCCKBAR","2656SK9RJ85O7JFL831AXMOOQ5F5TC","List 3 things that someone you know likes","List someone's interests as though you were considering buying a gift for this person.","data collection, people you know, lists, list","$0.02","Sun Apr 15 03:37:23 GMT 2012","100","","120","604800","Sun Apr 22 03:37:23 GMT 2012","","","2XM8LZ6R70G5ZAOKZ0UVM7WSST8N7D","A2GBW6D1X3FW2K","Approved","Sun Apr 15 20:53:45 GMT 2012","Sun Apr 15 20:54:15 GMT 2012","Sun Apr 22 13:54:15 PDT 2012","Mon Apr 16 15:59:45 PDT 2012","","","30","100% (1/1)","100% (1/1)","100% (1/1)","golfing","playing video games","hiking"
"25DR14IXKO2LH3XL3D1653YOCCKBAR","2656SK9RJ85O7JFL831AXMOOQ5F5TC","List 3 things that someone you know likes","List someone's interests as though you were considering buying a gift for this person.","data collection, people you know, lists, list","$0.02","Sun Apr 15 03:37:23 GMT 2012","100","","120","604800","Sun Apr 22 03:37:23 GMT 2012","","","2YI1SNQQ7Q6786HXBTER92TQC1JT9X","A2SCZ7R5ZN0QZG","Approved","Mon Apr 16 01:09:06 GMT 2012","Mon Apr 16 01:09:19 GMT 2012","Sun Apr 22 18:09:19 PDT 2012","Mon Apr 16 15:59:45 PDT 2012","","","13","100% (1/1)","100% (1/1)","100% (1/1)","Gaming","Drinking","Programming"
"25DR14IXKO2LH3XL3D1653YOCCKBAR","2656SK9RJ85O7JFL831AXMOOQ5F5TC","List 3 things that someone you know likes","List someone's interests as though you were considering buying a gift for this person.","data collection, people you know, lists, list","$0.02","Sun Apr 15 03:37:23 GMT 2012","100","","120","604800","Sun Apr 22 03:37:23 GMT 2012","","","2YNR14IXKO2LH3XL3D1653YOCC7AB9","A2DUL2L6UQE362","Approved","Mon Apr 16 15:34:02 GMT 2012","Mon Apr 16 15:34:21 GMT 2012","Mon Apr 23 08:34:21 PDT 2012","Mon Apr 16 15:59:45 PDT 2012","","","19","100% (1/1)","100% (1/1)","100% (1/1)","Football","Basketball","Real estate"
"25DR14IXKO2LH3XL3D1653YOCCKBAR","2656SK9RJ85O7JFL831AXMOOQ5F5TC","List 3 things that someone you know likes","List someone's interests as though you were considering buying a gift for this person.","data collection, people you know, lists, list","$0.02","Sun Apr 15 03:37:23 GMT 2012","100","","120","604800","Sun Apr 22 03:37:23 GMT 2012","","","2YRFYQS1CSTMWGDY49VIK1EYDNKOL4","A1NJ2DN2QTOCX9","Approved","Mon Apr 16 03:28:46 GMT 2012","Mon Apr 16 03:29:12 GMT 2012","Sun Apr 22 20:29:12 PDT 2012","Mon Apr 16 15:59:45 PDT 2012","","","26","100% (1/1)","100% (1/1)","100% (1/1)","painting","reading","biking"
"25DR14IXKO2LH3XL3D1653YOCCKBAR","2656SK9RJ85O7JFL831AXMOOQ5F5TC","List 3 things that someone you know likes","List someone's interests as though you were considering buying a gift for this person.","data collection, people you know, lists, list","$0.02","Sun Apr 15 03:37:23 GMT 2012","100","","120","604800","Sun Apr 22 03:37:23 GMT 2012","","","2YV3FDEY5COW8MWYQKZCZFLC6V1T2X","A1D1A4TK18MMLD","Approved","Sun Apr 15 04:05:40 GMT 2012","Sun Apr 15 04:06:57 GMT 2012","Sat Apr 21 21:06:57 PDT 2012","Mon Apr 16 15:59:46 PDT 2012","","","77","100% (1/1)","100% (1/1)","100% (1/1)","Cooking","Games","Books"
"25DR14IXKO2LH3XL3D1653YOCCKBAR","2656SK9RJ85O7JFL831AXMOOQ5F5TC","List 3 things that someone you know likes","List someone's interests as though you were considering buying a gift for this person.","data collection, people you know, lists, list","$0.02","Sun Apr 15 03:37:23 GMT 2012","100","","120","604800","Sun Apr 22 03:37:23 GMT 2012","","","2ZKI2KYEPLSPF60SDNNJBOAHQE9UO0","A3F1DJAHB8LWJN","Approved","Sun Apr 15 14:07:57 GMT 2012","Sun Apr 15 14:08:12 GMT 2012","Sun Apr 22 07:08:12 PDT 2012","Mon Apr 16 15:59:46 PDT 2012","","","15","100% (1/1)","100% (1/1)","100% (1/1)","gardening","skiing","hunting"
"25DR14IXKO2LH3XL3D1653YOCCKBAR","2656SK9RJ85O7JFL831AXMOOQ5F5TC","List 3 things that someone you know likes","List someone's interests as though you were considering buying a gift for this person.","data collection, people you know, lists, list","$0.02","Sun Apr 15 03:37:23 GMT 2012","100","","120","604800","Sun Apr 22 03:37:23 GMT 2012","","","2ZNH8MZ9O9Z6SXK6DRQHPRRLFQO09U","A2GBFE538CP5MG","Approved","Mon Apr 16 02:27:54 GMT 2012","Mon Apr 16 02:29:13 GMT 2012","Sun Apr 22 19:29:13 PDT 2012","Mon Apr 16 15:59:46 PDT 2012","","","79","100% (1/1)","100% (1/1)","100% (1/1)","Camping","Kayaking","Sports"